Unnamed: 0,hhid,intmonth,stfips,weight,earnwke,uhours,grade92,race,ethnic,age,sex,marital,ownchild,chldpres,prcitshp,state,ind02,occ2012,class,unionmme,unioncov,lfsr94,sample,female,w,lnw,agesq
2492,92987002078678,January,CA,3242.6,623.07,40,43,1,,26,1,7,0,0,"Native, Born In US",93,"Management, scientific, and technical consulting services (5416)",735,"Private, For Profit",No,No,Employed-At Work,1.0,False,15.57675,2.745779417912217,676
3267,988096835076220,January,CA,3002.445,2403.84,40,44,4,,37,2,1,1,1,"Native, Born In US",93,"Colleges and universities, including junior colleges (6112, 6113)",735,"Private, For Profit",No,No,Employed-At Work,1.0,True,60.096000000000004,4.095943283585798,1369
5218,270214071313058,January,DC,290.7775,1615.0,40,43,1,,42,1,7,0,0,"Native, Born In US",53,"Other professional, scientific, and technical services (5419 exc. 54194)",735,Government - Federal,No,No,Employed-At Work,1.0,False,40.375,3.6982107815428207,1764
7683,108003508029631,January,ID,1048.9474,1057.69,40,43,1,,42,1,1,2,10,"Native, Born In US",82,"Coating, engraving, heat treating and allied activities (3328)",735,"Private, For Profit",No,No,Employed-At Work,1.0,False,26.44225,3.274963109698682,1764
9857,260437900039179,January,KY,5660.8471,807.69,40,44,1,,30,2,1,0,0,"Native, Born In US",61,"** Groceries and related products, merchant wholesalers (*4244)",735,"Private, For Profit",No,No,Employed-At Work,1.0,True,20.19225,3.005298867423203,900
10040,512550093909661,January,KY,2225.3259,1307.0,40,40,1,,53,1,1,0,0,"Native, Born In US",61,Computer systems design and related services (5415),735,"Private, For Profit",No,No,Employed-At Work,1.0,False,32.675,3.4866102595102855,2809
10637,107900032697103,January,ME,657.1648,1846.0,50,44,1,,43,2,1,2,8,"Native, Born In US",ME,"Health and personal care, except drug, stores (446 exc. 44611)",735,"Private, For Profit",No,No,Employed-At Work,1.0,True,36.92,3.6087534096346516,1849
11026,120947092727049,January,MD,1909.3587,1346.15,40,44,4,,45,1,1,3,10,"Foreign Born, US Cit By Naturalization",52,Computer systems design and related services (5415),735,"Private, For Profit",No,No,Employed-At Work,1.0,False,33.65375,3.516124491189194,2025
17111,47283360990897,January,NY,2852.1794,754.0,40,43,1,,31,2,1,0,0,"Native, Born In US",NY,"Other amusement, gambling, and recreation industries (713 exc. 71395)",735,"Private, For Profit",No,No,Employed-At Work,1.0,True,18.85,2.93651291389402,961
17337,330700066817712,January,NC,3390.2386,646.0,40,43,2,,47,2,5,2,3,"Native, Born In US",56,Scientific research and development services (5417),735,"Private, For Profit",No,No,Employed-At Work,1.0,True,16.15,2.7819200496686656,2209
22871,938449630669409,January,TX,3189.855,180.0,15,43,1,,40,2,1,3,10,"Native, Born In US",74,"Other professional, scientific, and technical services (5419 exc. 54194)",735,"Private, For Profit",No,No,Employed-At Work,1.0,True,12.0,2.4849066497880004,1600
24045,911299230769503,January,VA,3230.125,769.0,50,43,1,,30,2,7,0,0,"Native, Born In US",54,Restaurants and other food services (722 exc. 7224),735,"Private, For Profit",No,No,Employed-At Work,1.0,True,15.38,2.733067964077498,900
25433,29385350993493,January,WI,2124.0106,680.0,40,44,1,,25,2,7,0,0,"Native, Born In US",WI,** Mail order houses (*454113),735,"Private, For Profit",No,No,Employed-At Work,1.0,True,17.0,2.833213344056216,625
27386,10056139040650,February,CA,3094.7071,1096.15,40,40,1,7.0,46,2,1,0,0,"Foreign Born, US Cit By Naturalization",93,Insurance carriers and related activities (524),735,Government - Local,No,No,Employed-At Work,1.0,True,27.403750000000002,3.310679865343238,2116
28021,669830557640980,February,CA,5521.2052,600.0,40,43,9,,22,2,7,0,0,"Native, Born In US",93,Beverage manufacturing (3121),735,"Private, For Profit",No,No,Employed-At Work,1.0,True,15.0,2.70805020110221,484
28193,804902170980806,February,CA,3589.8543,1080.0,40,43,2,,61,2,1,0,0,"Native, Born In US",93,"Management, scientific, and technical consulting services (5416)",735,"Private, For Profit",No,No,Employed-Absent,1.0,True,27.0,3.295836866004329,3721
29002,659140325700940,February,CA,3279.0298,2596.15,40,44,1,,52,1,1,1,3,"Native, Born In US",93,"Banking and related activities (521, 52211,52219)",735,"Private, For Profit",No,No,Employed-At Work,1.0,False,64.90375,4.172905403242624,2704
30019,26730880982199,February,CO,1664.5399,2050.0,60,44,1,,47,2,7,0,0,"Native, Born In US",84,Computer systems design and related services (5415),735,"Private, For Profit",No,No,Employed-At Work,1.0,True,34.166666666666664,3.531250509910353,2209
31910,4906091988422,February,FL,3755.8504,692.3,40,43,1,7.0,24,1,7,0,0,"Foreign Born, Not a US Citizen",59,Business support services (5614),735,"Private, For Profit",No,No,Employed-At Work,1.0,False,17.307499999999997,2.8511399335700434,576
34123,337888740859108,February,IL,3444.6181,1250.0,40,44,1,,35,2,1,0,0,"Foreign Born, Not a US Citizen",IL,Offices of physicians (6211),735,"Private, For Profit",No,No,Employed-At Work,1.0,True,31.25,3.4420193761824107,1225
36138,110490824520082,February,KY,3307.2756,600.0,40,43,1,,24,2,7,0,0,"Native, Born In US",61,"Management, scientific, and technical consulting services (5416)",735,"Private, For Profit",No,No,Employed-At Work,1.0,True,15.0,2.70805020110221,576
37165,946043889249100,February,ME,519.1969,211.0,10,43,1,,48,2,1,3,10,"Native, Born In US",ME,"Securities, commodities, funds, trusts, and other financial investments (523, 525)",735,"Private, For Profit",No,No,Employed-At Work,1.0,True,21.1,3.0492730404820207,2304
38256,77492460957297,February,MI,4292.7227,40.0,5,40,1,,21,1,7,0,0,"Native, Born In US",MI,Building material and supplies dealers (4441 exc. 44413),735,"Private, For Profit",No,No,Employed-At Work,1.0,False,8.0,2.0794415416798357,441
41257,373994306056307,February,NH,535.4187,1153.0,40,43,1,,27,1,7,0,0,"Native, Born In US",NH,Pharmaceutical and medicine manufacturing (3254),735,"Private, For Profit",No,No,Employed-At Work,1.0,False,28.825,3.3612430661551227,729
41264,430307933096576,February,NH,455.491,961.0,50,44,1,,57,1,1,0,0,"Native, Born In US",NH,"Securities, commodities, funds, trusts, and other financial investments (523, 525)",735,"Private, For Profit",No,No,Employed-At Work,1.0,False,19.22,2.9559514035421466,3249
41594,260835070334339,February,NH,430.385,1961.53,40,43,1,,57,1,1,1,4,"Native, Born In US",NH,Pharmaceutical and medicine manufacturing (3254),735,Government - State,No,No,Employed-At Work,1.0,False,49.03825,3.89260060583625,3249
41599,310760882610083,February,NH,560.561,1596.15,40,43,4,,39,1,1,2,8,"Foreign Born, US Cit By Naturalization",NH,Software publishing (5112),735,"Private, For Profit",No,No,Employed-At Work,1.0,False,39.90375,3.686470304441914,1521
41973,459270714200943,February,NJ,3640.0569,865.38,40,44,1,,28,2,1,0,0,"Native, Born In US",NJ,"Electrical lighting, equipment, and supplies manufacturing, n.e.c. (3351, 3353, 3359)",735,"Private, For Profit",No,No,Employed-At Work,1.0,True,21.6345,3.0742892627095375,784
42282,430509954572592,February,NM,1480.1233,1019.23,40,39,1,,60,2,4,0,0,"Native, Born In US",85,"Architectural, engineering, and related services (5413)",735,"Private, For Profit",No,No,Employed-At Work,1.0,True,25.48075,3.2379232651216294,3600
42520,19333460018208,February,NY,2934.7372,961.0,40,43,1,,61,2,7,0,0,"Native, Born In US",NY,"Management, scientific, and technical consulting services (5416)",735,"Private, For Profit",No,No,Employed-At Work,1.0,True,24.025,3.1790949548563563,3721
42584,68066121340270,February,NY,3732.4338,1250.0,55,43,4,,33,1,7,0,0,"Native, Born In US",NY,"Banking and related activities (521, 52211,52219)",735,"Private, For Profit",No,No,Employed-At Work,1.0,False,22.727272727272727,3.123565645063876,1089
45544,340110014748560,February,OR,1751.8318,2884.61,50,39,1,,40,1,1,0,0,"Native, Born In US",92,Cut and sew apparel manufacturing (3152),735,"Private, For Profit",No,No,Employed-At Work,1.0,False,57.6922,4.0551219824004106,1600
46117,210400399980084,February,PA,3464.9815,576.92,40,43,1,,23,2,7,0,0,"Native, Born In US",PA,Miscellaneous general merchandise stores (4529),735,"Private, For Profit",No,No,Employed-At Work,1.0,True,14.422999999999998,2.668824154601373,529
46144,289050049980984,February,PA,3360.2633,700.0,20,44,1,,59,2,1,0,0,"Native, Born In US",PA,** Construction (23),735,"Private, For Profit",No,No,Employed-At Work,1.0,True,35.0,3.5553480614894135,3481
46152,289190907430984,February,PA,3196.9984,2884.61,60,44,1,,47,1,1,2,8,"Native, Born In US",PA,"** Drugs, sundries, and chemical and allied products, merchant (wholesalerss*4242, 4246)",735,"Private, For Profit",No,No,Employed-At Work,1.0,False,48.07683333333333,3.8728004256064557,2209
46322,840209906355991,February,PA,2686.2162,2307.69,40,46,1,,42,2,1,3,10,"Native, Born In US",PA,"Other professional, scientific, and technical services (5419 exc. 54194)",735,"Private, For Profit",No,No,Employed-At Work,1.0,True,57.69225,4.0551228490683195,1764
48549,499934207005807,February,TX,2996.8226,1730.0,40,43,1,,60,2,7,0,0,"Native, Born In US",74,Specialized design services (5414),735,"Private, For Profit",No,No,Employed-At Work,1.0,True,43.25,3.7669972333778885,3600
52040,450509996829591,February,WI,2532.0783,72.5,10,40,1,,22,2,7,0,0,"Native, Born In US",WI,"Colleges and universities, including junior colleges (6112, 6113)",735,"Private, Nonprofit",No,No,Employed-At Work,1.0,True,7.25,1.9810014688665833,484
54500,660545081901793,March,CA,3201.298,2884.61,60,43,1,,34,1,7,0,0,"Native, Born Abroad Of US Parent(s)",93,Motion pictures and video industries (5121),735,"Private, For Profit",No,No,Employed-At Work,1.0,False,48.07683333333333,3.8728004256064557,1156
54760,916269350519009,March,CA,3033.5276,2403.84,50,44,4,,35,2,1,2,5,"Foreign Born, US Cit By Naturalization",93,Aircraft and parts manufacturing (336411 to 336413),735,"Private, For Profit",No,No,Employed-At Work,1.0,True,48.076800000000006,3.872799732271588,1225
55755,760547005001405,March,CA,3702.7829,1500.0,60,43,4,,23,1,7,0,0,"Foreign Born, US Cit By Naturalization",93,Grocery stores (4451),735,"Private, For Profit",No,No,Employed-At Work,1.0,False,25.0,3.2188758248682006,529
56178,860022071903696,March,CA,3457.3472,1326.92,55,40,1,,23,2,7,0,0,"Native, Born In US",93,Scientific research and development services (5417),735,"Private, For Profit",No,No,Employed-At Work,1.0,True,24.125818181818182,3.18328256092223,529
56484,270987090601219,March,CO,1650.9053,1250.0,28,43,1,,38,2,1,1,2,"Native, Born In US",84,"Accounting, tax preparation, bookkeeping, and payroll services (5412)",735,"Private, For Profit",No,No,Employed-At Work,1.0,True,44.642857142857146,3.798694320121143,1444
56861,97915504077948,March,CT,1112.6285,2884.61,50,44,1,,28,2,1,0,0,"Native, Born In US",CT,Dairy product manufacturing (3115),735,"Private, For Profit",No,No,Employed-At Work,1.0,True,57.6922,4.0551219824004106,784
57075,251006740900140,March,CT,1148.347,1153.0,40,44,4,,37,2,1,2,5,"Foreign Born, Not a US Citizen",CT,"Soap, cleaning compound, and cosmetics manufacturing (3256)",735,"Private, For Profit",No,No,Employed-At Work,1.0,True,28.825,3.3612430661551227,1369
57958,115172748100630,March,DC,487.7318,2307.69,40,43,2,,60,2,5,0,0,"Native, Born In US",53,Postal Service (491),735,Government - Federal,No,No,Employed-At Work,1.0,True,57.69225,4.0551228490683195,3600
58191,757051497159930,March,DC,359.1629,1307.69,50,43,1,,31,2,7,0,0,"Native, Born In US",53,"Management, scientific, and technical consulting services (5416)",735,"Private, For Profit",No,No,Employed-At Work,1.0,True,26.1538,3.263994495441231,961
63480,399330340410652,March,ME,735.2394,1057.69,40,43,1,,33,2,7,0,0,"Native, Born In US",ME,Scientific research and development services (5417),735,"Private, For Profit",No,No,Employed-At Work,1.0,True,26.44225,3.274963109698682,1089
65437,917139510109205,March,MN,1824.6004,700.0,20,43,1,,57,2,1,0,0,"Native, Born In US",MN,Other direct selling establishments (45439),735,"Private, For Profit",No,No,Employed-At Work,1.0,True,35.0,3.5553480614894135,3249
68960,26613160992798,March,NY,3200.5965,865.0,40,43,1,,26,2,7,0,0,"Native, Born In US",NY,"Other professional, scientific, and technical services (5419 exc. 54194)",735,"Private, For Profit",No,No,Employed-At Work,1.0,True,21.625,3.073850052817943,676
77570,310640628480015,March,WA,2768.5001,260.0,25,42,1,,30,2,7,1,2,"Native, Born In US",91,Offices of physicians (6211),735,"Private, Nonprofit",No,No,Employed-At Work,1.0,True,10.4,2.341805806147327,900
78227,599120186570955,March,WI,2702.1981,1230.76,50,44,1,,31,2,1,2,1,"Native, Born In US",WI,Insurance carriers and related activities (524),735,"Private, For Profit",No,No,Employed-At Work,1.0,True,24.6152,3.2033641383041105,961
79457,600400022748345,April,AZ,3248.9983,923.07,45,40,1,1.0,20,1,7,0,0,"Native, Born In US",8,Services incidental to transportation (488),735,"Private, For Profit",No,No,Employed-At Work,1.0,False,20.512666666666668,3.0210425815101556,400
79481,810041095406479,April,AZ,4368.7865,560.0,40,40,1,,21,2,7,0,0,"Native, Born In US",8,Traveler accommodation (7211),735,"Private, For Profit",No,No,Employed-At Work,1.0,True,14.0,2.6390573296152584,441
80881,922016389068430,April,CA,2824.2133,2115.0,60,43,1,,33,1,7,0,0,"Native, Born In US",9,"Independent artists, performing arts, spectator sports, and related industries (711)",735,"Private, For Profit",No,No,Employed-At Work,1.0,False,35.25,3.5624655292582776,1089
83987,361439060559107,April,DC,378.3106,1269.0,45,43,1,,26,2,7,0,0,"Native, Born In US",5,"Civic, social, advocacy organizations, and grantmaking and giving services (8132, 8133, 8134)",735,"Private, Nonprofit",No,No,Employed-At Work,1.0,True,28.2,3.339321977944068,676
84281,210250717140061,April,FL,3766.6381,961.0,40,43,1,,25,2,7,0,0,"Foreign Born, US Cit By Naturalization",5,Advertising and related services (5418),735,"Private, For Profit",No,No,Employed-At Work,1.0,True,24.025,3.1790949548563563,625
84646,195942307026214,April,FL,2820.6801,384.61,30,43,6,,56,1,1,0,0,"Foreign Born, US Cit By Naturalization",5,Travel arrangements and reservation services (5615),735,"Private, For Profit",No,No,Employed-At Work,1.0,False,12.820333333333334,2.5510324521945447,3136
89818,24992640788791,April,MD,1804.2462,300.0,15,43,1,,31,2,1,1,1,"Native, Born In US",5,"Management, scientific, and technical consulting services (5416)",735,"Private, For Profit",No,No,Employed-At Work,1.0,True,20.0,2.995732273553991,961
90936,136989760149207,April,MI,5834.2429,865.0,40,41,2,2.0,38,2,1,0,0,"Native, Born In US",3,"Banking and related activities (521, 52211,52219)",735,"Private, For Profit",No,No,Employed-At Work,1.0,True,21.625,3.073850052817943,1444
91124,800067093826149,April,MI,3202.8724,312.0,32,40,2,,63,2,5,0,0,"Native, Born In US",3,"Other professional, scientific, and technical services (5419 exc. 54194)",735,"Private, For Profit",No,No,Employed-At Work,1.0,True,9.75,2.277267285009756,3969
91275,126360820780201,April,MI,3544.7584,2865.0,40,43,1,,49,1,5,0,0,"Native, Born In US",3,"Banking and related activities (521, 52211,52219)",735,"Private, For Profit",No,No,Employed-At Work,1.0,False,71.625,4.271444175034904,2401
91938,220709994467791,April,MN,1831.6299,600.0,40,40,1,,26,2,7,1,3,"Native, Born In US",4,"Clothing and accessories, except shoe, stores (448 exc. 44821, 4483)",735,"Private, For Profit",No,No,Employed-At Work,1.0,True,15.0,2.70805020110221,676
95057,65392809600228,April,NY,3543.0913,2211.53,40,43,1,,38,2,7,0,0,"Native, Born In US",2,"Jewelry, luggage, and leather goods stores (4483)",735,"Private, For Profit",No,No,Employed-At Work,1.0,True,55.288250000000005,4.012560408555747,1444
95304,596899660699303,April,NY,3751.7078,461.53,20,43,1,,26,2,7,0,0,"Native, Born Abroad Of US Parent(s)",2,Internet publishing and broadcasting and web search portals (51913),735,"Private, For Profit",No,No,Employed-At Work,1.0,True,23.0765,3.1388147836932734,676
97055,983259016907090,April,ND,382.8553,1057.69,40,44,1,,60,2,1,0,0,"Native, Born In US",4,"Banking and related activities (521, 52211,52219)",735,"Private, For Profit",No,No,Employed-At Work,1.0,True,26.44225,3.274963109698682,3600
97920,166070146420960,April,OK,3616.6685,1153.84,45,39,7,,34,2,2,1,1,"Native, Born In US",7,"Banking and related activities (521, 52211,52219)",735,"Private, For Profit",No,No,Employed-At Work,1.0,True,25.640888888888888,3.244188299504935,1156
99945,2906274994525,April,SC,2587.2208,1153.84,45,43,1,,40,2,1,2,10,"Native, Born In US",5,"Radio and television broadcasting and cable (5151, 5152, 5175)",735,"Private, For Profit",No,No,Employed-At Work,1.0,True,25.640888888888888,3.244188299504935,1600
100472,240709997800199,April,TN,3749.1415,711.0,40,43,1,,26,2,7,0,0,"Foreign Born, Not a US Citizen",6,"Electronic component and product manufacturing, n.e.c. (3344, 3346)",735,"Private, For Profit",No,No,Employed-At Work,1.0,True,17.775,2.8777929756893044,676
101719,680183007342170,April,TX,3285.6857,923.07,40,40,1,,45,2,5,0,0,"Native, Born In US",7,Nursing care facilities (6231),735,"Private, For Profit",No,No,Employed-At Work,1.0,True,23.07675,3.1388256171665394,2025
103466,250309915950599,April,WA,1999.5449,1634.0,40,43,1,,36,2,1,2,2,"Native, Born In US",9,Advertising and related services (5418),735,"Private, For Profit",No,No,Employed-At Work,1.0,True,40.85,3.709906821306012,1296
107133,860879007908894,May,CA,3025.8104,115.0,10,43,1,,48,2,1,3,10,"Native, Born In US",9,"Health and personal care, except drug, stores (446 exc. 44611)",735,"Private, For Profit",No,No,Employed-At Work,1.0,True,11.5,2.4423470353692043,2304
108010,700609906437163,May,CA,4178.7016,680.0,20,40,1,,27,2,5,2,8,"Native, Born In US",9,"Architectural, engineering, and related services (5413)",735,"Private, For Profit",No,No,Employed-At Work,1.0,True,34.0,3.5263605246161616,729
109969,434196409000831,May,DE,469.239,440.0,40,37,2,,22,2,7,0,0,"Native, Born In US",5,Aircraft and parts manufacturing (336411 to 336413),735,"Private, For Profit",No,No,Employed-At Work,1.0,True,11.0,2.3978952727983707,484
110212,178997106057108,May,DC,243.5402,1500.0,40,45,1,,35,2,1,0,0,"Native, Born In US",5,Legal services (5411),735,"Private, For Profit",No,No,Employed-At Work,1.0,True,37.5,3.624340932976365,1225
110533,7006691105772,May,FL,3941.9693,980.76,40,44,4,,41,2,1,1,3,"Foreign Born, US Cit By Naturalization",5,Employment services (5613),735,"Private, For Profit",No,No,Employed-At Work,1.0,True,24.519,3.199448327202102,1681
110554,58301720693096,May,FL,3729.35,127.5,15,43,1,,40,2,5,2,8,"Native, Born In US",5,Used merchandise stores (4533),735,"Private, For Profit",No,No,Employed-At Work,1.0,True,8.5,2.1400661634962708,1600
111266,902309030059103,May,FL,3772.9569,1153.0,40,39,1,,63,2,1,0,0,"Native, Born In US",5,"Management, scientific, and technical consulting services (5416)",735,"Private, For Profit",No,No,Employed-At Work,1.0,True,28.825,3.3612430661551227,3969
112819,600974094213649,May,IL,3293.1744,1153.84,40,43,1,,33,2,1,2,5,"Native, Born In US",3,"Management, scientific, and technical consulting services (5416)",735,"Private, For Profit",No,No,Employed-At Work,1.0,True,28.845999999999997,3.3619713351613183,1089
115618,320309946450485,May,ME,545.499,168.0,8,43,1,,46,2,1,1,4,"Native, Born In US",1,Offices of dentists (6212),735,"Private, For Profit",No,No,Employed-At Work,1.0,True,21.0,3.044522437723423,2116
115927,130945076223789,May,MD,2667.4419,2307.69,40,43,2,3.0,43,2,5,2,3,"Native, Born In US",5,Advertising and related services (5418),735,"Private, For Profit",No,No,Employed-At Work,1.0,True,57.69225,4.0551228490683195,1849
116766,952386063906598,May,MA,3032.0607,1000.0,40,43,1,,40,1,1,4,11,"Native, Born In US",1,"Securities, commodities, funds, trusts, and other financial investments (523, 525)",735,"Private, For Profit",No,No,Employed-At Work,1.0,False,25.0,3.2188758248682006,1600
117016,62523027001105,May,MI,3199.1406,865.0,40,43,1,,29,1,7,0,0,"Native, Born In US",3,"Animal food, grain and oilseed milling (3111, 3112)",735,"Private, For Profit",No,No,Employed-At Work,1.0,False,21.625,3.073850052817943,841
117025,87642360994195,May,MI,3445.3095,580.0,40,43,1,,29,1,1,0,0,"Native, Born In US",3,"Other professional, scientific, and technical services (5419 exc. 54194)",735,"Private, For Profit",No,No,Employed-At Work,1.0,False,14.5,2.6741486494265287,841
117729,560973078523479,May,MN,1994.8102,1057.69,40,43,1,,36,1,1,2,5,"Native, Born In US",4,"**Publishing, except newspapers and software (5111 exc. 51111)",735,"Private, For Profit",No,No,Employed-At Work,1.0,False,26.44225,3.274963109698682,1296
123080,390983205099956,May,OH,3276.6188,846.15,40,44,1,,43,2,1,3,8,"Native, Born In US",3,Metal forgings and stampings (3321),735,"Private, For Profit",No,No,Employed-At Work,1.0,True,21.15375,3.0518171947401584,1849
124065,34496469100844,May,OR,1847.8992,1884.61,45,44,1,,42,2,1,1,3,"Native, Born In US",9,Outpatient care centers (6214),735,"Private, Nonprofit",No,No,Employed-At Work,1.0,True,41.88022222222222,3.734813692154023,1764
124121,497937000099138,May,OR,1847.8992,711.53,40,43,1,,41,2,7,0,0,"Native, Born In US",9,"Other professional, scientific, and technical services (5419 exc. 54194)",735,"Private, Nonprofit",No,No,Employed-Absent,1.0,True,17.788249999999998,2.8785381269683965,1681
124155,910021929439950,May,OR,2201.9063,1346.15,45,43,1,,29,2,1,0,0,"Native, Born In US",9,"Management, scientific, and technical consulting services (5416)",735,"Private, For Profit",No,No,Employed-At Work,1.0,True,29.914444444444445,3.39834145553281,841
125489,495943307097428,May,RI,473.4888,2884.61,50,43,1,,40,2,1,3,3,"Native, Born In US",1,"Community food and housing, and emergency services (6242)",735,"Private, Nonprofit",No,No,Employed-At Work,1.0,True,57.6922,4.0551219824004106,1600
128150,960997091547929,May,UT,1629.9684,1390.0,40,42,1,,37,2,7,0,0,"Native, Born In US",8,"Securities, commodities, funds, trusts, and other financial investments (523, 525)",735,"Private, For Profit",No,No,Employed-At Work,1.0,True,34.75,3.548179572010801,1369
128499,132566399000951,May,VT,309.1584,2307.0,40,43,1,,62,2,1,0,0,"Native, Born In US",1,"** Groceries and related products, merchant wholesalers (*4244)",735,"Private, For Profit",No,No,Employed-At Work,1.0,True,57.675,4.054823804059818,3844
129541,470598489300558,May,WA,3591.6641,769.23,40,40,1,,26,1,7,0,0,"Native, Born In US",9,"Other amusement, gambling, and recreation industries (713 exc. 71395)",735,"Private, For Profit",No,No,Employed-At Work,1.0,False,19.23075,2.9565105604002095,676
130751,936979970559507,May,WY,407.1754,288.46,20,43,1,,28,2,1,0,0,"Native, Born In US",8,"Colleges and universities, including junior colleges (6112, 6113)",735,Government - State,No,No,Employed-At Work,1.0,True,14.422999999999998,2.668824154601373,784
132146,663096608389,June,CA,2769.5881,1115.38,40,40,1,,54,2,1,0,0,"Native, Born In US",9,"** Groceries and related products, merchant wholesalers (*4244)",735,"Private, For Profit",No,No,Employed-At Work,1.0,True,27.884500000000003,3.328070978893597,2916
133150,960921084907898,June,CA,3275.8657,2884.61,45,44,1,,34,2,1,1,1,"Native, Born In US",9,Internet publishing and broadcasting and web search portals (51913),735,"Private, For Profit",No,No,Employed-At Work,1.0,True,64.10244444444444,4.1604824980582364,1156
133198,990667095108488,June,CA,2524.7228,1576.92,40,43,1,,43,1,7,0,0,"Foreign Born, US Cit By Naturalization",9,Real estate (531),735,"Private, For Profit",No,No,Employed-At Work,1.0,False,39.423,3.674349402329611,1849
133372,62280460901095,June,CA,3874.9746,423.07,40,40,1,,24,1,7,0,0,"Native, Born In US",9,"Toys, amusement, and sporting goods manufacturing (33992, 33993)",735,"Private, For Profit",No,No,Employed-At Work,1.0,False,10.57675,2.35865819587484,576
133497,106159680229008,June,CA,3174.1384,900.0,40,43,1,,55,1,1,1,2,"Foreign Born, US Cit By Naturalization",9,"Other schools, instruction, and educational services (6116, 6117)",735,"Private, For Profit",No,No,Employed-At Work,1.0,False,22.5,3.1135153092103742,3025
133587,310564099604619,June,CA,3308.418,1346.15,25,43,1,,45,2,1,2,10,"Native, Born In US",9,Grocery stores (4451),735,"Private, For Profit",No,No,Employed-At Work,1.0,True,53.846000000000004,3.986128120434929,2025
133925,689640579720980,June,CA,3231.67,2019.23,40,43,1,,54,1,1,0,0,"Native, Born In US",9,Insurance carriers and related activities (524),735,"Private, For Profit",No,No,Employed-At Work,1.0,False,50.48075,3.9215920754918434,2916
134505,55790880018301,June,CO,1835.2652,2884.61,53,44,1,,27,2,7,0,0,"Native, Born In US",8,"Electronic component and product manufacturing, n.e.c. (3344, 3346)",735,"Private, For Profit",No,No,Employed-At Work,1.0,True,54.42660377358491,3.9968530742764345,729
134568,440098689800970,June,CO,1804.7148,1211.53,45,43,1,,34,2,7,0,0,"Native, Born In US",8,"Electronic component and product manufacturing, n.e.c. (3344, 3346)",735,"Private, For Profit",No,No,Employed-At Work,1.0,True,26.922888888888888,3.2929768128705494,1156
134789,582090269800781,June,CO,1851.7315,769.23,45,43,1,1.0,31,2,1,0,0,"Native, Born In US",8,"**Publishing, except newspapers and software (5111 exc. 51111)",735,"Private, For Profit",No,No,Employed-At Work,1.0,True,17.094,2.838727524743826,961
135607,800907910003791,June,CT,1165.7733,960.0,40,43,1,,48,2,1,1,4,"Native, Born In US",1,Insurance carriers and related activities (524),735,"Private, For Profit",No,No,Employed-At Work,1.0,True,24.0,3.1780538303479458,2304
140105,819229440457102,June,IA,1233.2374,816.0,40,43,1,,38,2,1,1,2,"Native, Born In US",4,Computer systems design and related services (5415),735,"Private, For Profit",No,No,Employed-At Work,1.0,True,20.4,3.0155349008501706,1444
141106,194670104300642,June,KY,2192.2717,660.8,40,43,1,,32,2,1,0,0,"Native, Born In US",6,"Motor vehicles and motor vehicle equipment manufacturing (3361, 3362, 3363)",735,"Private, For Profit",No,Yes,Employed-At Work,1.0,True,16.52,2.804571768092832,1024
141865,420309952955992,June,ME,747.5486,576.92,15,43,1,,43,2,1,1,4,"Native, Born In US",1,Pharmaceutical and medicine manufacturing (3254),735,"Private, For Profit",No,No,Employed-At Work,1.0,True,38.46133333333333,3.649653407613099,1849
141926,845294619300728,June,ME,616.0919,1442.3,45,39,1,,54,1,1,0,0,"Native, Born In US",1,"Clothing and accessories, except shoe, stores (448 exc. 44821, 4483)",735,"Private, For Profit",No,No,Employed-At Work,1.0,False,32.05111111111111,3.4673318508191446,2916
141974,488273819400786,June,MD,1900.9852,1557.0,40,43,1,,50,2,1,0,0,"Native, Born In US",5,Real estate (531),735,"Private, For Profit",No,No,Employed-At Work,1.0,True,38.925,3.661636717720062,2500
142050,55792440758391,June,MD,1408.4592,1730.76,40,46,1,,38,1,1,1,1,"Native, Born In US",5,"Accounting, tax preparation, bookkeeping, and payroll services (5412)",735,"Private, For Profit",No,No,Employed-At Work,1.0,False,43.269,3.767436443269483,1444
142051,55792440758391,June,MD,1810.9076,1442.3,40,44,1,,31,2,1,1,1,"Native, Born In US",5,"Accounting, tax preparation, bookkeeping, and payroll services (5412)",735,"Private, For Profit",No,No,Employed-At Work,1.0,True,36.0575,3.585114886475528,961
143654,39412470954095,June,MN,1614.7419,2846.0,40,43,1,,55,1,5,0,0,"Native, Born In US",4,Miscellaneous general merchandise stores (4529),735,"Private, For Profit",No,No,Employed-At Work,1.0,False,71.15,4.264790324535862,3025
143709,144047113240060,June,MN,1656.2263,1442.0,40,43,1,,34,2,1,2,3,"Native, Born In US",4,"** Machinery, equipment, and supplies, merchant wholesalers (*4238)",735,"Private, For Profit",No,No,Employed-Absent,1.0,True,36.05,3.584906863730958,1156
143792,420709965752099,June,MN,1607.5278,1134.61,45,43,1,,64,2,1,0,0,"Native, Born In US",4,"Banking and related activities (521, 52211,52219)",735,"Private, For Profit",No,No,Employed-At Work,1.0,True,25.213555555555555,3.2273817687621364,4096
145171,213144004909895,June,NE,954.0216,780.0,40,40,1,,30,2,7,1,3,"Native, Born In US",4,"Management, scientific, and technical consulting services (5416)",735,"Private, For Profit",Yes,,Employed-At Work,1.0,True,19.5,2.970414465569701,900
147262,65953860955899,June,NY,2851.2425,576.0,40,43,1,,30,2,7,0,0,"Native, Born In US",2,"Soap, cleaning compound, and cosmetics manufacturing (3256)",735,"Private, For Profit",No,No,Employed-At Work,1.0,True,14.4,2.667228206581955,900
147571,704908163296586,June,NY,2732.3317,769.0,40,43,4,,25,2,7,0,0,"Native, Born In US",2,*** Electronic shopping (New industry *454111),735,"Private, For Profit",No,No,Employed-At Work,1.0,True,19.225,2.9562115153917077,625
147833,263018054907296,June,NY,3428.986,2884.61,50,44,1,,56,1,1,0,0,"Native, Born In US",2,"Banking and related activities (521, 52211,52219)",735,"Private, For Profit",No,No,Employed-At Work,1.0,False,57.6922,4.0551219824004106,3136
148307,55027128340750,June,NC,3744.3891,161.53,12,46,1,,60,1,1,0,0,"Native, Born In US",5,Real estate (531),735,"Private, For Profit",No,No,Employed-At Work,1.0,False,13.460833333333333,2.5997842341376662,3600
148440,904067836389630,June,NC,3190.2369,923.0,40,43,1,,28,2,7,0,0,"Native, Born In US",5,Advertising and related services (5418),735,"Private, For Profit",No,No,Employed-At Work,1.0,True,23.075,3.138749780388916,784
152116,490934807042609,June,SD,343.2927,1500.0,40,43,1,,33,1,1,2,5,"Native, Born In US",4,Nursing care facilities (6231),735,"Private, For Profit",No,No,Employed-At Work,1.0,False,37.5,3.624340932976365,1089
152865,284393094909794,June,TX,3580.2125,480.0,40,40,1,,58,1,7,0,0,"Native, Born In US",7,"Other professional, scientific, and technical services (5419 exc. 54194)",735,"Private, For Profit",No,No,Employed-At Work,1.0,False,12.0,2.4849066497880004,3364
154124,61764890969793,June,UT,1417.6742,1160.0,40,43,1,,37,1,1,2,5,"Native, Born In US",8,Medical equipment and supplies manufacturing (3391),735,"Private, For Profit",No,No,Employed-At Work,1.0,False,29.0,3.367295829986474,1369
154846,748577729100900,June,VA,2778.4984,500.0,40,43,1,,23,2,7,0,0,"Native, Born In US",5,"Other professional, scientific, and technical services (5419 exc. 54194)",735,"Private, For Profit",No,No,Employed-At Work,1.0,True,12.5,2.5257286443082556,529
155249,591944000029109,June,VA,2180.2036,240.0,20,43,1,,48,2,1,2,4,"Native, Born In US",5,"Management, scientific, and technical consulting services (5416)",735,"Private, For Profit",No,No,Employed-At Work,1.0,True,12.0,2.4849066497880004,2304
156155,58295450983098,June,WI,1648.768,1826.92,45,43,1,,42,1,1,2,10,"Native, Born In US",3,Medical equipment and supplies manufacturing (3391),735,"Private, For Profit",No,No,Employed-At Work,1.0,False,40.598222222222226,3.7037242780189863,1764
158654,94631201092682,July,CA,3208.481,323.2,32,42,1,6.0,43,2,3,1,4,"Foreign Born, US Cit By Naturalization",9,"Management, scientific, and technical consulting services (5416)",735,"Private, For Profit",No,No,Employed-At Work,1.0,True,10.1,2.312535423847214,1849
158972,311264022900821,July,CA,3663.8106,1153.0,40,43,1,1.0,27,1,7,0,0,"Native, Born In US",9,"Other health care services (6215, 6219)",735,"Private, Nonprofit",No,No,Employed-At Work,1.0,False,28.825,3.3612430661551227,729
159890,111263006900253,July,CA,3286.7883,2884.61,40,43,1,1.0,41,2,1,2,6,"Native, Born In US",9,Advertising and related services (5418),735,"Private, For Profit",No,No,Employed-At Work,1.0,True,72.11525,4.27826553371462,1681
161475,910794099301609,July,CT,897.2235,1634.0,40,43,1,,31,1,1,1,1,"Native, Born In US",1,"Aerospace products and parts manufacturing (336414, 336415, 336419)",735,"Private, For Profit",No,No,Employed-At Work,1.0,False,40.85,3.709906821306012,961
161662,909869110447009,July,CT,1036.5851,673.0,40,43,1,,28,1,7,0,0,"Native, Born In US",1,"Radio and television broadcasting and cable (5151, 5152, 5175)",735,"Private, For Profit",No,No,Employed-At Work,1.0,False,16.825,2.8228658755307916,784
162054,10111205457784,July,DC,273.4007,923.0,40,43,1,,36,2,7,2,3,"Native, Born In US",5,Scientific research and development services (5417),735,"Private, Nonprofit",No,No,Employed-At Work,1.0,True,23.075,3.138749780388916,1296
162146,110109830465735,July,DC,356.2242,730.76,40,44,1,,27,1,7,0,0,"Native, Born In US",5,Wired telecommunications carriers (*5171),735,"Private, Nonprofit",No,No,Employed-At Work,1.0,False,18.269,2.9052056343544326,729
163099,301004561307402,July,FL,5429.7983,1730.0,40,44,2,,40,2,1,2,2,"Native, Born In US",5,Employment services (5613),735,"Private, For Profit",No,No,Employed-At Work,1.0,True,43.25,3.7669972333778885,1600
165436,690477097511608,July,IL,2462.5545,730.76,40,43,1,,32,2,1,0,0,"Native, Born In US",3,"Management, scientific, and technical consulting services (5416)",735,"Private, For Profit",No,No,Employed-At Work,1.0,True,18.269,2.9052056343544326,1024
165933,110800086526513,July,IN,2644.3596,1584.0,40,43,1,,48,2,1,0,0,"Native, Born In US",3,"Residential care facilities, without nursing (6232, 6233, 6239)",735,"Private, For Profit",No,No,Employed-At Work,1.0,True,39.6,3.6788291182604347,2304
166019,881868110007609,July,IN,2409.6099,1346.15,40,43,1,,35,1,1,2,1,"Native, Born In US",3,"Miscellaneous fabricated metal products manufacturing (3325, 3326, 3329 exc. 332992, 332993, 332994, 332995)",735,"Private, For Profit",No,No,Employed-At Work,1.0,False,33.65375,3.516124491189194,1225
166315,991393000010680,July,IA,2492.8997,576.0,40,43,1,,24,1,7,0,0,"Native, Born In US",4,Agricultural implement manufacturing (33311),735,"Private, For Profit",Yes,,Employed-At Work,1.0,False,14.4,2.667228206581955,576
166337,43241190698945,July,IA,1069.1549,923.07,40,41,1,,31,1,7,0,0,"Native, Born In US",4,** Construction (23),735,"Private, For Profit",No,No,Employed-At Work,1.0,False,23.07675,3.1388256171665394,961
166561,118031506072901,July,IA,1276.4279,1307.69,45,43,1,,37,2,1,2,5,"Native, Born In US",4,"Colleges and universities, including junior colleges (6112, 6113)",735,Government - State,No,No,Employed-At Work,1.0,True,29.05977777777778,3.3693550110990573,1369
168882,20510343145863,July,MA,2651.2462,1346.15,50,43,1,,29,2,1,0,0,"Native, Born In US",1,Dairy product manufacturing (3115),735,"Private, For Profit",No,No,Employed-At Work,1.0,True,26.923000000000002,3.292980939874984,841
169856,296971103010746,July,MN,1855.4362,865.38,40,43,1,,38,1,7,0,0,"Native, Born In US",4,"**Publishing, except newspapers and software (5111 exc. 51111)",735,"Private, For Profit",No,No,Employed-At Work,1.0,False,21.6345,3.0742892627095375,1444
170097,33892170992699,July,MN,1667.0926,626.0,40,43,1,,26,2,1,0,0,"Native, Born In US",4,"Architectural, engineering, and related services (5413)",735,"Private, For Profit",No,No,Employed-At Work,1.0,True,15.65,2.750470916986162,676
172605,130307933096536,July,NH,403.8808,1057.69,40,43,1,,27,1,1,0,0,"Native, Born In US",1,Advertising and related services (5418),735,"Private, For Profit",No,No,Employed-At Work,1.0,False,26.44225,3.274963109698682,729
174096,870460091531419,July,NY,4020.4177,2403.0,66,43,1,,24,1,7,0,0,"Native, Born In US",2,"Management, scientific, and technical consulting services (5416)",735,"Private, For Profit",Yes,,Employed-At Work,1.0,False,36.40909090909091,3.594818493710043,576
174097,870460091531419,July,NY,4020.4177,1807.0,45,43,1,,24,1,7,0,0,"Native, Born In US",2,"Non-depository credit and related activities (5222, 5223)",735,"Private, For Profit",No,No,Employed-At Work,1.0,False,40.15555555555556,3.6927608008219086,576
175661,302200916092931,July,OH,3934.7338,730.76,40,43,1,,25,2,1,0,0,"Native, Born In US",3,"Savings institutions, including credit unions (52212, 52213)",735,"Private, For Profit",No,No,Employed-At Work,1.0,True,18.269,2.9052056343544326,625
175914,306100218052971,July,OH,3671.8605,620.0,40,43,1,,25,1,7,0,0,"Native, Born In US",3,Miscellaneous general merchandise stores (4529),735,"Private, For Profit",No,No,Employed-At Work,1.0,False,15.5,2.740840023925201,625
176672,620918097741339,July,OR,2154.2123,1211.53,40,43,1,,32,2,7,0,0,"Native, Born In US",9,Footwear manufacturing (3162),735,"Private, For Profit",No,No,Employed-At Work,1.0,True,30.288249999999998,3.410759848526933,1024
179973,998989510549409,July,TX,3427.367,560.0,40,40,1,,53,2,5,0,0,"Native, Born In US",7,"Non-depository credit and related activities (5222, 5223)",735,"Private, For Profit",No,No,Employed-At Work,1.0,True,14.0,2.6390573296152584,2809
181511,700061925519520,July,VA,2846.823,740.0,40,43,1,,23,2,7,0,0,"Native, Born In US",5,"Other professional, scientific, and technical services (5419 exc. 54194)",735,"Private, For Profit",No,No,Employed-At Work,1.0,True,18.5,2.917770732084279,529
182008,50310165308053,July,WA,2663.5119,2692.3,60,44,4,,45,2,1,2,10,"Foreign Born, US Cit By Naturalization",9,3365,735,"Private, For Profit",No,No,Employed-At Work,1.0,True,44.87166666666667,3.8038065636409746,2025
183079,200957068455349,July,WI,3694.0907,800.0,40,39,3,,51,2,1,1,4,"Native, Born In US",3,"Other amusement, gambling, and recreation industries (713 exc. 71395)",735,Government - Federal,No,No,Employed-At Work,1.0,True,20.0,2.995732273553991,2601
184503,901003143410066,August,AZ,3155.107,1403.0,68,43,1,,50,1,1,2,10,"Foreign Born, US Cit By Naturalization",8,Computer systems design and related services (5415),735,"Private, For Profit",No,No,Employed-At Work,1.0,False,20.63235294117647,3.026860374926354,2500
185197,27000910019682,August,CA,3144.3625,769.0,40,42,1,,57,2,1,0,0,"Native, Born In US",9,"Soap, cleaning compound, and cosmetics manufacturing (3256)",735,"Private, For Profit",No,No,Employed-At Work,1.0,True,19.225,2.9562115153917077,3249
186194,13650816057642,August,CA,4182.5491,600.0,40,43,1,,25,1,7,0,0,"Native, Born In US",9,"Other professional, scientific, and technical services (5419 exc. 54194)",735,"Private, For Profit",No,No,Employed-At Work,1.0,False,15.0,2.70805020110221,625
186426,160604150002108,August,CA,2731.6259,1000.0,40,43,1,,54,1,1,0,0,"Foreign Born, US Cit By Naturalization",9,Computer systems design and related services (5415),735,"Private, For Profit",No,No,Employed-At Work,1.0,False,25.0,3.2188758248682006,2916
187120,927076878029090,August,CA,3434.9001,310.0,20,40,1,,21,2,7,0,0,"Native, Born In US",9,Scientific research and development services (5417),735,"Private, Nonprofit",No,No,Employed-At Work,1.0,True,15.5,2.740840023925201,441
187743,200807906437193,August,CO,1757.1223,100.0,5,40,1,,23,1,7,0,0,"Native, Born In US",8,"** Groceries and related products, merchant wholesalers (*4244)",735,"Private, For Profit",No,No,Employed-At Work,1.0,False,20.0,2.995732273553991,529
187873,28960290961890,August,CT,1339.1915,1173.07,40,43,1,,32,1,1,0,0,"Native, Born In US",1,"Other professional, scientific, and technical services (5419 exc. 54194)",735,"Private, For Profit",No,No,Employed-At Work,1.0,False,29.326749999999997,3.3785000688033255,1024
189298,862599120239109,August,FL,3741.7605,1384.61,40,44,1,,30,1,7,0,0,"Native, Born In US",5,"Securities, commodities, funds, trusts, and other financial investments (523, 525)",735,"Private, For Profit",No,No,Employed-At Work,1.0,False,34.615249999999996,3.544294336406378,900
189487,93621220016607,August,FL,3374.5734,576.0,40,43,1,,34,2,1,3,3,"Native, Born In US",5,"Management, scientific, and technical consulting services (5416)",735,"Private, For Profit",No,No,Employed-At Work,1.0,True,14.4,2.667228206581955,1156
190183,302108421310848,August,GA,3055.093,961.53,40,43,1,7.0,30,1,1,1,1,"Native, Born Abroad Of US Parent(s)",5,"Management, scientific, and technical consulting services (5416)",735,"Private, For Profit",No,No,Employed-At Work,1.0,False,24.038249999999998,3.179646311676199,900
191391,971368008210040,August,ID,734.9585,1250.0,40,43,1,,26,2,1,0,0,"Native, Born In US",8,Dairy product manufacturing (3115),735,"Private, For Profit",No,No,Employed-At Work,1.0,True,31.25,3.4420193761824107,676
192698,991819062909777,August,IA,1258.54,711.53,45,43,1,,23,2,3,0,0,"Native, Born In US",4,Insurance carriers and related activities (524),735,"Private, For Profit",No,No,Employed-At Work,1.0,True,15.811777777777777,2.7607550913120136,529
194772,85462240968493,August,MD,2295.4459,1346.15,60,43,4,,32,1,1,0,0,"Foreign Born, US Cit By Naturalization",5,"Architectural, engineering, and related services (5413)",735,"Private, For Profit",No,No,Employed-At Work,1.0,False,22.435833333333335,3.110659383081029,1024
195318,308201491510392,August,MA,2400.2357,2211.53,50,44,1,,58,1,7,0,0,"Native, Born In US",1,Hospitals (622),735,"Private, Nonprofit",No,No,Employed-At Work,1.0,False,44.2306,3.789416857241538,3364
196339,128262070039407,August,MN,2719.5934,2596.15,55,43,1,,46,2,1,0,0,"Native, Born In US",4,"Miscellaneous paper and pulp products (32222,32223, 32229)",735,"Private, For Profit",No,No,Employed-At Work,1.0,True,47.20272727272727,3.8544516721240893,2116
196777,537330301680206,August,MN,1970.9496,1057.69,45,44,1,,33,1,1,3,5,"Native, Born In US",4,"Auto parts, accessories, and tire stores (4413)",735,"Private, For Profit",No,No,Employed-At Work,1.0,False,23.504222222222225,3.157180074042299,1089
197220,293912408097907,August,MO,2929.2089,600.0,40,43,1,,31,2,7,0,0,"Native, Born In US",4,Beverage manufacturing (3121),735,"Private, For Profit",No,No,Employed-At Work,1.0,True,15.0,2.70805020110221,961
198271,20525094332319,August,NV,1528.1697,825.0,60,43,1,,37,1,5,1,4,"Native, Born In US",8,"Other professional, scientific, and technical services (5419 exc. 54194)",735,"Private, For Profit",No,No,Employed-At Work,1.0,False,13.75,2.6210388241125804,1369
200241,230609931527272,August,NY,3499.0844,650.0,43,43,1,,29,2,7,0,0,"Native, Born In US",2,"** Groceries and related products, merchant wholesalers (*4244)",735,"Private, For Profit",No,No,Employed-At Work,1.0,True,15.116279069767442,2.7157722471961203,841
200498,796813701860307,August,NY,3143.4959,800.0,40,40,1,3.0,40,2,1,0,0,"Native, Born In US",2,"Management, scientific, and technical consulting services (5416)",735,"Private, For Profit",No,No,Employed-At Work,1.0,True,20.0,2.995732273553991,1600
202049,202001903201128,August,ND,377.5747,2000.0,40,43,1,,31,1,7,0,0,"Native, Born In US",4,"Other professional, scientific, and technical services (5419 exc. 54194)",735,"Private, For Profit",No,No,Employed-At Work,1.0,False,50.0,3.912023005428146,961
203296,610004344018281,August,OR,1822.5571,651.6,40,43,1,,39,2,7,0,0,"Native, Born In US",9,"Architectural, engineering, and related services (5413)",735,"Private, For Profit",No,No,Employed-At Work,1.0,True,16.29,2.790551422613954,1521
203956,424120150100608,August,PA,3334.0702,1923.07,55,44,1,,46,2,1,0,0,"Native, Born In US",2,Pharmaceutical and medicine manufacturing (3254),735,"Private, For Profit",No,No,Employed-At Work,1.0,True,34.96490909090909,3.55434496114985,2116
206020,110002164264988,August,TX,3432.1758,913.0,40,43,1,,35,2,1,2,1,"Native, Born In US",7,"Miscellaneous manufacturing, n.e.c. (3399 exc. 33992, 33993)",735,"Private, For Profit",No,No,Employed-At Work,1.0,True,22.825,3.1278564264810322,1225
207942,69300389410925,August,VT,373.0028,2115.0,25,43,1,,36,2,1,3,8,"Native, Born In US",1,"** Apparel, fabrics, and notions, merchant wholesalers (*4243)",735,"Private, For Profit",No,No,Employed-At Work,1.0,True,84.6,4.437934266612178,1296
207963,190800076652269,August,VT,349.8272,1153.84,45,43,1,,40,1,5,2,8,"Native, Born In US",1,"Toys, amusement, and sporting goods manufacturing (33992, 33993)",735,"Private, For Profit",No,No,Employed-At Work,1.0,False,25.640888888888888,3.244188299504935,1600
208781,500260511069315,August,WA,2154.9375,1538.46,40,43,1,,33,2,1,1,1,"Native, Born In US",9,"Other telecommunications services (*517 exc. 5171, 5175)",735,"Private, For Profit",No,No,Employed-At Work,1.0,True,38.4615,3.649657740960155,1089
209804,597966206098529,August,WI,2485.8524,1346.15,50,43,1,,28,2,1,2,2,"Native, Born In US",3,**Newspaper publishers (51111),735,"Private, For Profit",No,No,Employed-At Work,1.0,True,26.923000000000002,3.292980939874984,784
209914,455454150004403,August,WI,2486.7669,1730.76,50,43,1,,38,2,1,2,3,"Native, Born In US",3,"Management, scientific, and technical consulting services (5416)",735,"Private, For Profit",No,No,Employed-At Work,1.0,True,34.6152,3.544292891955273,1444
211973,148890060047820,September,CA,4934.0475,2884.0,50,44,4,,27,1,3,0,0,"Native, Born In US",9,Software publishing (5112),735,"Private, For Profit",No,No,Employed-At Work,1.0,False,57.68,4.054910492976694,729
213280,476181301300009,September,CA,4352.8785,228.75,25,40,1,,20,1,7,0,0,"Native, Born In US",9,Real estate (531),735,"Private, For Profit",No,No,Employed-At Work,1.0,False,9.15,2.21375387928743,400
214339,299012801760005,September,CT,3024.4612,711.0,48,43,1,,27,1,7,0,0,"Native, Born In US",1,"Other administrative and other support services (5611, 5612, 5619)",735,"Private, For Profit",No,No,Employed-At Work,1.0,False,14.8125,2.69547141889535,729
219442,202249013908871,September,KS,2017.9113,1538.0,40,44,1,8.0,48,1,1,2,2,"Foreign Born, US Cit By Naturalization",4,"Architectural, engineering, and related services (5413)",735,"Private, For Profit",No,No,Employed-At Work,1.0,False,38.45,3.649358695951653,2304
220022,981709230826207,September,KY,2331.8937,1105.0,40,39,1,,57,1,1,0,0,"Native, Born In US",6,3365,735,"Private, For Profit",No,No,Employed-At Work,1.0,False,27.625,3.3187211598379167,3249
221929,570969094123159,September,MI,2708.8316,1240.0,40,44,1,,47,2,7,0,0,"Native, Born In US",3,Advertising and related services (5418),735,"Private, For Profit",No,No,Employed-At Work,1.0,True,31.0,3.4339872044851463,2209
222638,216073106026711,September,MN,1642.5609,1153.84,40,42,1,,34,2,1,1,1,"Native, Born In US",4,"Structural metals, and tank and shipping container manufacturing (3323, 3324)",735,"Private, For Profit",No,No,Employed-At Work,1.0,True,28.845999999999997,3.3619713351613183,1156
223100,601208960810255,September,MS,1078.8013,1538.46,40,43,1,,36,1,1,2,3,"Native, Born In US",6,"Other professional, scientific, and technical services (5419 exc. 54194)",735,"Private, For Profit",No,No,Employed-At Work,1.0,False,38.4615,3.649657740960155,1296
224159,131730101550304,September,NE,1249.4919,1634.61,40,41,1,,59,1,1,0,0,"Native, Born In US",4,Not specified utilities (Part of 22),735,Government - State,No,No,Employed-At Work,1.0,False,40.865249999999996,3.710280068654017,3481
225050,374913901036345,September,NH,564.3627,751.0,40,40,1,,28,1,7,0,0,"Native, Born In US",1,"Management, scientific, and technical consulting services (5416)",735,"Private, For Profit",No,No,Employed-At Work,1.0,False,18.775,2.932526197650198,784
225283,734300770400155,September,NJ,4981.3869,1200.0,40,43,1,,24,2,7,0,0,"Native, Born In US",2,"Other professional, scientific, and technical services (5419 exc. 54194)",735,"Private, For Profit",No,No,Employed-At Work,1.0,True,30.0,3.4011973816621555,576
226397,463837150208402,September,NY,4599.45,150.0,10,44,4,,23,2,7,0,0,"Foreign Born, Not a US Citizen",2,"Architectural, engineering, and related services (5413)",735,"Private, For Profit",No,No,Employed-At Work,1.0,True,15.0,2.70805020110221,529
226909,663154150103904,September,NY,3479.5488,1538.0,40,43,1,,45,2,1,0,0,"Native, Born In US",2,Advertising and related services (5418),735,"Private, For Profit",No,No,Employed-At Work,1.0,True,38.45,3.649358695951653,2025
228386,193061140004807,September,OH,2924.0548,1307.69,40,39,1,,42,1,1,1,4,"Native, Born In US",3,3365,735,"Private, For Profit",No,No,Employed-At Work,1.0,False,32.69225,3.4871380467554407,1764
228429,309140417091993,September,OH,4307.9167,961.0,40,43,2,4.0,40,2,5,3,4,"Native, Born In US",3,"Electric power generation, transmission and distribution (Pt. 2211)",735,"Private, For Profit",No,No,Employed-At Work,1.0,True,24.025,3.1790949548563563,1600
228665,969429030779304,September,OH,2983.2855,519.0,40,39,1,,57,1,1,0,0,"Native, Born In US",3,"Electrical lighting, equipment, and supplies manufacturing, n.e.c. (3351, 3353, 3359)",735,"Private, For Profit",No,No,Employed-At Work,1.0,False,12.975,2.563024429051952,3249
230478,498913805069408,September,RI,440.8648,1877.0,40,40,1,,35,2,1,2,1,"Native, Born In US",1,"** Miscellaneous (nondurable goods, merchant wholesalerss*4249 exc. 42491)",735,"Private, For Profit",No,No,Employed-Absent,1.0,True,46.925,3.8485505824725723,1225
231014,103705894895665,September,SC,3083.4298,725.49,40,43,2,,25,2,7,0,0,"Native, Born In US",5,Advertising and related services (5418),735,"Private, For Profit",No,No,Employed-At Work,1.0,True,18.13725,2.8979678345177926,625
235057,399180163440975,September,WA,2597.949,1480.76,40,43,1,,43,2,1,3,10,"Native, Born In US",9,Hospitals (622),735,"Private, Nonprofit",No,No,Employed-At Work,1.0,True,37.019,3.6114312943547935,1849
238341,196455701891001,October,CA,3357.8479,750.0,40,43,4,,29,2,7,0,0,"Native, Born In US",9,"Independent artists, performing arts, spectator sports, and related industries (711)",735,"Private, For Profit",No,No,Employed-At Work,1.0,True,18.75,2.9311937524164198,841
238658,659230195530940,October,CA,3403.3025,807.69,40,43,4,,30,1,7,0,0,"Foreign Born, Not a US Citizen",9,"** Motor vehicles, parts and supplies, merchant wholesalers (*4231)",735,"Private, For Profit",No,No,Employed-At Work,1.0,False,20.19225,3.005298867423203,900
238798,808009982610612,October,CA,3482.1362,1350.0,40,43,1,1.0,38,1,5,0,0,"Native, Born In US",9,Computer systems design and related services (5415),735,"Private, For Profit",No,No,Employed-At Work,1.0,False,33.75,3.518980417318539,1444
239025,4230111011603,October,CA,3190.9735,820.0,40,39,1,,51,1,7,0,0,"Native, Born In US",9,Furniture and home furnishings stores (442),735,"Private, For Profit",No,No,Employed-At Work,1.0,False,20.5,3.0204248861443626,2601
239328,167450060018750,October,CA,3122.2291,1400.0,40,42,1,,59,2,5,0,0,"Native, Born In US",9,"Other health care services (6215, 6219)",735,"Private, For Profit",No,No,Employed-At Work,1.0,True,35.0,3.5553480614894135,3481
240839,104430090071624,October,CT,2242.4664,990.0,38,43,1,,48,2,1,2,4,"Native, Born In US",1,Insurance carriers and related activities (524),735,"Private, For Profit",No,No,Employed-At Work,1.0,True,26.05263157894737,3.26011878340225,2304
241745,189300765540941,October,DC,333.1429,1634.61,55,43,1,,26,1,7,0,0,"Native, Born In US",5,"**Publishing, except newspapers and software (5111 exc. 51111)",735,"Private, For Profit",No,No,Employed-At Work,1.0,False,29.720181818181818,3.3918263375354827,676
241915,704904141797571,October,DC,333.9405,2884.61,60,44,1,,44,1,1,3,3,"Native, Born In US",5,Advertising and related services (5418),735,"Private, For Profit",No,No,Employed-At Work,1.0,False,48.07683333333333,3.8728004256064557,1936
241949,751071103149420,October,DC,381.6231,1250.0,40,44,1,,28,2,7,0,0,"Native, Born In US",5,"Other professional, scientific, and technical services (5419 exc. 54194)",735,"Private, For Profit",No,No,Employed-At Work,1.0,True,31.25,3.4420193761824107,784
242369,50781420983490,October,FL,3484.4226,1192.0,40,43,1,,43,1,1,2,3,"Native, Born In US",5,"Management, scientific, and technical consulting services (5416)",735,"Private, For Profit",No,No,Employed-At Work,1.0,False,29.8,3.3945083935113587,1849
242946,963062505149390,October,FL,3962.3799,769.23,40,42,1,,47,1,7,0,0,"Native, Born In US",5,Advertising and related services (5418),735,"Private, For Profit",No,No,Employed-At Work,1.0,False,19.23075,2.9565105604002095,2209
244498,647839840459106,October,IL,3259.4887,1730.76,40,44,1,,43,2,7,0,0,"Native, Born In US",3,4195,735,"Private, For Profit",No,No,Employed-At Work,1.0,True,43.269,3.767436443269483,1849
245211,510000701019658,October,IN,3950.4627,750.0,40,43,1,,22,2,7,0,0,"Native, Born In US",3,Advertising and related services (5418),735,"Private, For Profit",No,No,Employed-At Work,1.0,True,18.75,2.9311937524164198,484
245447,681284064001805,October,IN,2467.3093,807.0,40,44,1,6.0,36,2,1,3,14,"Native, Born In US",3,Fruit and vegetable preserving and specialty food manufacturing (3114),735,"Private, For Profit",No,No,Employed-At Work,1.0,True,20.175,3.0044442141560124,1296
245592,209108500910295,October,IA,2663.175,190.0,20,40,1,,21,2,7,0,0,"Native, Born In US",4,Hospitals (622),735,Government - State,No,No,Employed-At Work,1.0,True,9.5,2.2512917986064953,441
246181,297908305030089,October,KS,1320.4035,1320.0,40,42,1,,32,1,5,0,0,"Native, Born In US",4,"** Machinery, equipment, and supplies, merchant wholesalers (*4238)",735,"Private, For Profit",No,No,Employed-At Work,1.0,False,33.0,3.4965075614664802,1024
246747,20210108773654,October,LA,1781.8262,865.38,40,43,1,,43,2,1,0,0,"Native, Born In US",7,Employment services (5613),735,"Private, For Profit",No,No,Employed-At Work,1.0,True,21.6345,3.0742892627095375,1849
248429,205380216042690,October,MI,2922.2394,1884.0,40,43,2,,58,2,5,0,0,"Native, Born In US",3,Hospitals (622),735,"Private, For Profit",No,No,Employed-At Work,1.0,True,47.1,3.8522730010223722,3364
248641,405205792610611,October,MI,3715.22,480.0,40,43,1,,25,1,7,0,0,"Native, Born In US",3,"Other amusement, gambling, and recreation industries (713 exc. 71395)",735,"Private, For Profit",No,No,Employed-At Work,1.0,False,12.0,2.4849066497880004,625
249124,159662070030607,October,MN,3668.6981,1346.0,60,43,4,,55,2,1,0,0,"Native, Born In US",4,"Other amusement, gambling, and recreation industries (713 exc. 71395)",735,"Private, For Profit",No,No,Employed-At Work,1.0,True,22.433333333333334,3.1105479479825724,3025
251821,30410052955922,October,NJ,2684.1666,2884.61,40,44,1,,55,2,7,0,0,"Native, Born In US",2,Pharmaceutical and medicine manufacturing (3254),735,"Private, For Profit",No,No,Employed-At Work,1.0,True,72.11525,4.27826553371462,3025
252231,710003073012774,October,NJ,1816.3601,750.0,40,44,4,,40,2,7,0,0,"Foreign Born, US Cit By Naturalization",2,"Electronic component and product manufacturing, n.e.c. (3344, 3346)",735,"Private, For Profit",No,No,Employed-At Work,1.0,True,18.75,2.9311937524164198,1600
252232,710003073012774,October,NJ,2149.95,600.0,50,43,4,,34,1,7,0,0,"Native, Born In US",2,"Electronic component and product manufacturing, n.e.c. (3344, 3346)",735,"Private, For Profit",No,No,Employed-At Work,1.0,False,12.0,2.4849066497880004,1156
253312,30610138052556,October,NY,2830.7075,1538.0,40,43,4,,41,2,1,2,3,"Foreign Born, US Cit By Naturalization",2,Scientific research and development services (5417),735,"Private, For Profit",No,No,Employed-At Work,1.0,True,38.45,3.649358695951653,1681
254064,50077376300871,October,NC,2880.1276,537.0,40,43,1,,31,2,1,1,1,"Native, Born In US",5,Cut and sew apparel manufacturing (3152),735,"Private, For Profit",No,No,Employed-At Work,1.0,True,13.425,2.5971186403949282,961
254080,108306920710276,October,NC,8307.1389,2000.0,40,43,1,,56,1,1,0,0,"Native, Born In US",5,Home health care services (6216),735,"Private, For Profit",No,No,Employed-At Work,1.0,False,50.0,3.912023005428146,3136
255767,600450301700403,October,OK,1851.6731,711.53,40,41,1,1.0,42,1,1,2,3,"Native, Born In US",7,Other information services (*5191 exc. 51912),735,"Private, For Profit",No,No,Employed-At Work,1.0,False,17.788249999999998,2.8785381269683965,1764
256759,524814120007607,October,PA,2928.2117,1923.05,80,43,1,,52,1,1,0,0,"Native, Born In US",2,"Management, scientific, and technical consulting services (5416)",735,"Private, For Profit",No,No,Employed-At Work,1.0,False,24.038125,3.1796411116169185,2704
257180,951062894449820,October,PA,3241.4303,680.0,45,39,1,,56,2,1,0,0,"Native, Born In US",2,Pharmaceutical and medicine manufacturing (3254),735,"Private, For Profit",No,No,Employed-At Work,1.0,True,15.11111111111111,2.715430308399833,3136
261565,450309942881795,October,WA,3151.4336,692.0,40,43,1,,24,1,7,0,0,"Native, Born In US",9,Legal services (5411),735,"Private, For Profit",No,No,Employed-At Work,1.0,False,17.3,2.8507065015037334,576
261566,450309942881795,October,WA,3151.4336,692.0,40,43,1,,24,1,7,0,0,"Native, Born In US",9,Legal services (5411),735,"Private, For Profit",No,No,Employed-At Work,1.0,False,17.3,2.8507065015037334,576
262476,45085567500341,October,WI,3235.0647,110.0,10,39,1,,20,2,7,0,0,"Native, Born In US",3,"Independent artists, performing arts, spectator sports, and related industries (711)",735,"Private, Nonprofit",No,No,Employed-At Work,1.0,True,11.0,2.3978952727983707,400
263307,110161491109,November,AL,2123.8627,1442.3,40,46,4,,44,1,1,2,6,"Foreign Born, Not a US Citizen",6,Agricultural chemical manufacturing (3253),735,"Private, For Profit",No,No,Employed-At Work,1.0,False,36.0575,3.585114886475528,1936
264638,510049157175,November,AR,1606.8784,1038.0,40,43,1,,48,1,1,3,10,"Native, Born In US",7,"Architectural, engineering, and related services (5413)",735,"Private, For Profit",No,No,Employed-At Work,1.0,False,25.95,3.2561716096118976,2304
267682,405004240107628,November,CO,2003.9233,2884.61,45,43,1,,48,1,1,3,14,"Native, Born In US",8,Plastics product manufacturing (3261),735,"Private, For Profit",No,No,Employed-At Work,1.0,False,64.10244444444444,4.1604824980582364,2304
267759,97915504077948,November,CT,1268.5845,1346.15,40,43,1,,29,2,7,0,0,"Native, Born In US",1,"Other professional, scientific, and technical services (5419 exc. 54194)",735,"Private, For Profit",No,No,Employed-At Work,1.0,True,33.65375,3.516124491189194,841
267911,115950090081403,November,CT,2444.6642,1923.07,50,44,1,,30,1,1,1,1,"Native, Born In US",1,"Electrical lighting, equipment, and supplies manufacturing, n.e.c. (3351, 3353, 3359)",735,"Private, For Profit",No,No,Employed-At Work,1.0,False,38.4614,3.649655140954175,900
268286,75040047104711,November,DE,523.5291,1134.61,40,40,1,,55,2,1,0,0,"Native, Born In US",5,"Miscellaneous paper and pulp products (32222,32223, 32229)",735,"Private, For Profit",No,No,Employed-At Work,1.0,True,28.365249999999996,3.34516480441852,3025
268643,136050754741101,November,DC,301.033,250.0,20,43,1,,36,2,1,2,1,"Native, Born In US",5,Computer systems design and related services (5415),735,"Private, For Profit",No,No,Employed-At Work,1.0,True,12.5,2.5257286443082556,1296
271446,69991570996098,November,IL,2703.6476,1084.61,40,43,1,,27,2,1,0,0,"Native, Born In US",3,"Construction, mining and oil field machinery manufacturing (33312, 33313)",735,"Private, For Profit",No,No,Employed-At Work,1.0,True,27.115249999999996,3.300096300239456,729
271519,310107191703637,November,IL,3524.6019,2403.84,45,43,1,,45,2,1,1,1,"Native, Born In US",3,"Management, scientific, and technical consulting services (5416)",735,"Private, For Profit",No,No,Employed-At Work,1.0,True,53.41866666666667,3.9781602479294143,2025
271675,31691570970970,November,IL,2536.6429,600.0,50,44,1,,43,2,1,0,0,"Native, Born In US",3,"Other professional, scientific, and technical services (5419 exc. 54194)",735,"Private, For Profit",No,No,Employed-At Work,1.0,True,12.0,2.4849066497880004,1849
271815,351775021910872,November,IL,3332.3184,520.0,40,42,2,,46,2,1,1,4,"Native, Born In US",3,"Radio and television broadcasting and cable (5151, 5152, 5175)",735,"Private, For Profit",No,No,Employed-At Work,1.0,True,13.0,2.5649493574615367,2116
271888,605006041103477,November,IL,2992.2678,600.0,40,43,1,,24,2,7,0,0,"Native, Born In US",3,Computer systems design and related services (5415),735,"Private, For Profit",No,No,Employed-At Work,1.0,True,15.0,2.70805020110221,576
272254,305903421892698,November,IN,2948.6717,500.0,20,43,1,,24,2,1,0,0,"Native, Born In US",3,Outpatient care centers (6214),735,"Private, For Profit",No,No,Employed-At Work,1.0,True,25.0,3.2188758248682006,576
275346,579080857960952,November,MA,3306.5229,1730.0,40,39,1,,46,2,1,1,4,"Native, Born In US",1,Insurance carriers and related activities (524),735,"Private, For Profit",No,No,Employed-At Work,1.0,True,43.25,3.7669972333778885,2116
276329,521575006020790,November,MN,2874.2971,1240.0,40,43,1,,41,1,1,1,3,"Native, Born In US",4,Medical equipment and supplies manufacturing (3391),735,"Private, For Profit",No,No,Employed-At Work,1.0,False,31.0,3.4339872044851463,1681
278674,893530778991,November,NH,475.354,1423.0,40,43,1,,50,1,1,1,4,"Native, Born In US",1,"Other health care services (6215, 6219)",735,"Private, For Profit",No,No,Employed-At Work,1.0,False,35.575,3.571643143975916,2500
279201,145393040037804,November,NJ,2541.1446,1500.0,40,43,1,,64,2,1,2,3,"Native, Born In US",2,**Newspaper publishers (51111),735,"Private, For Profit",No,No,Employed-At Work,1.0,True,37.5,3.624340932976365,4096
280027,30610400305370,November,NY,3772.5657,2884.61,40,43,1,,22,1,7,0,0,"Native, Born In US",2,Advertising and related services (5418),735,"Private, For Profit",No,No,Employed-At Work,1.0,False,72.11525,4.27826553371462,484
280031,30610449947921,November,NY,3426.2227,150.0,20,43,1,,24,2,7,0,0,"Native, Born In US",2,"Other schools, instruction, and educational services (6116, 6117)",735,"Private, Nonprofit",No,No,Employed-At Work,1.0,True,7.5,2.0149030205422647,576
280387,699720854190953,November,NY,4323.6586,415.0,40,43,4,,36,1,1,2,6,"Foreign Born, Not a US Citizen",2,"** Machinery, equipment, and supplies, merchant wholesalers (*4238)",735,"Private, For Profit",No,No,Employed-At Work,1.0,False,10.375,2.339399066116762,1296
280940,910005163534546,November,NY,3773.9572,1923.07,40,43,1,,41,1,1,3,3,"Native, Born In US",2,"Other professional, scientific, and technical services (5419 exc. 54194)",735,"Private, For Profit",No,No,Employed-At Work,1.0,False,48.07675,3.872798692268385,1681
281299,96037641300561,November,NC,3594.3897,617.69,40,44,1,,59,2,1,0,0,"Native, Born In US",5,"Management, scientific, and technical consulting services (5416)",735,"Private, For Profit",No,No,Employed-At Work,1.0,True,15.442250000000001,2.7371072593683183,3481
281302,116463070039402,November,NC,3756.4297,1596.0,45,45,1,,60,2,5,0,0,"Native, Born In US",5,Offices of physicians (6211),735,"Private, For Profit",No,No,Employed-At Work,1.0,True,35.46666666666667,3.5685932882394344,3600
285381,474295095001603,November,TN,3378.3794,1153.84,40,44,2,,33,2,7,0,0,"Native, Born In US",6,Couriers and messengers (492),735,"Private, For Profit",No,No,Employed-At Work,1.0,True,28.845999999999997,3.3619713351613183,1089
286479,129604080049770,November,TX,3417.4608,520.0,40,43,1,1.0,34,2,1,3,6,"Foreign Born, Not a US Citizen",7,"Seafood and other miscellaneous foods, n.e.c. (3117, 3119)",735,"Private, For Profit",No,No,Employed-Absent,1.0,True,13.0,2.5649493574615367,1156
286768,888950701630406,November,TX,3511.7933,600.0,40,43,1,,60,1,1,0,0,"Native, Born In US",7,"Resin, synthetic rubber and fibers, and filaments manufacturing (3252)",735,"Private, For Profit",No,No,Employed-At Work,1.0,False,15.0,2.70805020110221,3600
288833,50310067217529,November,WA,2509.399,600.0,40,43,1,,26,2,1,2,5,"Native, Born In US",9,"Machinery manufacturing, n.e.c. (3332, 3334, 3339)",735,"Private, For Profit",No,No,Employed-At Work,1.0,True,15.0,2.70805020110221,676
289523,211858001750440,November,WI,2930.1925,2884.0,60,46,1,,61,1,1,0,0,"Native, Born In US",3,Scientific research and development services (5417),735,"Private, For Profit",No,No,Employed-At Work,1.0,False,48.06666666666667,3.8725889361827392,3721
291186,6046605051492,December,AZ,3744.8956,2884.61,50,39,1,,54,1,1,0,0,"Native, Born In US",8,"Electronic component and product manufacturing, n.e.c. (3344, 3346)",735,"Private, For Profit",No,No,Employed-At Work,1.0,False,57.6922,4.0551219824004106,2916
292514,610670295140060,December,CA,2877.2803,2884.61,60,43,4,,27,1,1,0,0,"Native, Born In US",9,Beverage manufacturing (3121),735,"Private, For Profit",No,No,Employed-At Work,1.0,False,48.07683333333333,3.8728004256064557,729
292897,610165087582,December,CA,2283.6377,100.0,10,40,4,,20,1,7,0,0,"Native, Born In US",9,Internet publishing and broadcasting and web search portals (51913),735,"Private, For Profit",No,No,Employed-At Work,1.0,False,10.0,2.302585092994046,400
292970,2240218035675,December,CA,3331.712,2211.53,45,44,1,,31,1,1,0,0,"Native, Born In US",9,Software publishing (5112),735,"Private, For Profit",No,No,Employed-At Work,1.0,False,49.14511111111111,3.894777372899364,961
295254,701521170103715,December,DE,603.8063,1000.0,40,43,4,,27,1,7,0,0,"Foreign Born, Not a US Citizen",5,"Banking and related activities (521, 52211,52219)",735,"Private, For Profit",No,No,Employed-At Work,1.0,False,25.0,3.2188758248682006,729
295746,10210405326373,December,FL,4295.9063,1200.0,40,43,1,,29,2,5,0,0,"Native, Born In US",5,"Management, scientific, and technical consulting services (5416)",735,"Private, For Profit",No,No,Employed-At Work,1.0,True,30.0,3.4011973816621555,841
296884,831040130306001,December,GA,2592.8169,1250.0,40,43,1,,28,1,7,0,0,"Native, Born In US",5,"Radio and television broadcasting and cable (5151, 5152, 5175)",735,"Private, For Profit",No,No,Employed-At Work,1.0,False,31.25,3.4420193761824107,784
301360,12772640782692,December,MD,2181.6749,1384.61,40,44,4,,33,1,1,0,0,"Foreign Born, Not a US Citizen",5,** Construction (23),735,"Private, For Profit",No,No,Employed-At Work,1.0,False,34.615249999999996,3.544294336406378,1089
301473,20410243274703,December,MD,2939.9669,1442.3,45,44,4,,37,2,1,2,3,"Foreign Born, US Cit By Naturalization",5,"Civic, social, advocacy organizations, and grantmaking and giving services (8132, 8133, 8134)",735,"Private, Nonprofit",No,No,Employed-At Work,1.0,True,32.05111111111111,3.4673318508191446,1369
302960,572814036907979,December,MN,2001.0401,1134.61,45,44,1,,27,2,1,0,0,"Native, Born In US",4,"Animal food, grain and oilseed milling (3111, 3112)",735,"Private, For Profit",No,No,Employed-At Work,1.0,True,25.213555555555555,3.2273817687621364,729
306257,450570717441003,December,NJ,2812.7257,2346.15,40,46,1,,52,1,1,0,0,"Foreign Born, US Cit By Naturalization",2,"Administration of economic programs and space research (926, 927)",735,Government - Federal,No,Yes,Employed-At Work,1.0,False,58.65375,4.071651511674424,2704
307186,30610005457794,December,NY,3641.9477,865.38,40,44,1,,27,2,1,0,0,"Native, Born In US",2,"Management, scientific, and technical consulting services (5416)",735,"Private, For Profit",No,No,Employed-At Work,1.0,True,21.6345,3.0742892627095375,729
307388,440865092836689,December,NY,3475.9335,826.92,50,43,1,,46,2,1,2,3,"Native, Born In US",2,"Jewelry, luggage, and leather goods stores (4483)",735,"Private, For Profit",No,No,Employed-At Work,1.0,True,16.5384,2.805684949728971,2116
307834,630709923199379,December,NC,3646.0659,457.5,40,39,2,,26,2,3,0,0,"Native, Born In US",5,Agricultural implement manufacturing (33311),735,"Private, For Profit",No,No,Employed-At Work,1.0,True,11.4375,2.4368974306016398,676
308006,410006953901787,December,NC,2922.8039,1350.0,40,44,1,,35,2,1,2,3,"Native, Born In US",5,Advertising and related services (5418),735,"Private, For Profit",No,No,Employed-At Work,1.0,True,33.75,3.518980417318539,1225
311184,115754040190914,December,RI,961.6752,834.0,40,43,1,,33,2,1,0,0,"Native, Born In US",1,"Other health care services (6215, 6219)",735,"Private, For Profit",No,No,Employed-At Work,1.0,True,20.85,3.0373539482448106,1089
311187,125344040097073,December,RI,848.5656,1576.0,40,43,1,,37,2,1,2,8,"Native, Born In US",1,Travel arrangements and reservation services (5615),735,"Private, For Profit",No,No,Employed-At Work,1.0,True,39.4,3.673765816303888,1369
311374,900401580410793,December,RI,684.8653,1442.3,50,44,1,,48,1,1,2,3,"Native, Born In US",1,"Other health care services (6215, 6219)",735,"Private, For Profit",Yes,,Employed-At Work,1.0,False,28.846,3.3619713351613183,2304
314804,50110147866902,December,VA,2704.2438,1360.0,50,43,1,,50,2,1,0,0,"Native, Born In US",5,"Architectural, engineering, and related services (5413)",735,"Private, For Profit",No,No,Employed-At Work,1.0,True,27.2,3.3032169733019514,2500
